{
  "best_epoch": 2,
  "peak_cpu_memory_MB": 0,
  "peak_gpu_0_memory_MB": 1266,
  "training_duration": "0:00:13.192721",
  "training_start_epoch": 0,
  "training_epochs": 2,
  "epoch": 2,
  "training_accuracy": 0.794049891397354,
  "training_accuracy3": 0.9937471203843875,
  "training_loss": 0.5237578648854705,
  "training_cpu_memory_MB": 0.0,
  "training_gpu_0_memory_MB": 1266,
  "validation_accuracy": 0.8347265187915487,
  "validation_accuracy3": 0.995392615020075,
  "validation_loss": 0.4478764186511521,
  "best_validation_accuracy": 0.8347265187915487,
  "best_validation_accuracy3": 0.995392615020075,
  "best_validation_loss": 0.4478764186511521
}