{
  "best_epoch": 19,
  "peak_cpu_memory_MB": 0,
  "peak_gpu_0_memory_MB": 1266,
  "training_duration": "0:01:30.425194",
  "training_start_epoch": 0,
  "training_epochs": 19,
  "epoch": 19,
  "training_accuracy": 0.9681432238530903,
  "training_accuracy3": 0.9992759823602975,
  "training_loss": 0.1007952330665303,
  "training_cpu_memory_MB": 0.0,
  "training_gpu_0_memory_MB": 1266,
  "validation_accuracy": 0.9730797077601527,
  "validation_accuracy3": 0.999605081287435,
  "validation_loss": 0.08156999372368474,
  "best_validation_accuracy": 0.9730797077601527,
  "best_validation_accuracy3": 0.999605081287435,
  "best_validation_loss": 0.08156999372368474
}