{
  "best_epoch": 4,
  "peak_cpu_memory_MB": 0,
  "peak_gpu_0_memory_MB": 1266,
  "training_duration": "0:00:21.473577",
  "training_start_epoch": 0,
  "training_epochs": 4,
  "epoch": 4,
  "training_accuracy": 0.8430856315408412,
  "training_accuracy3": 0.99605081287435,
  "training_loss": 0.4238166769637781,
  "training_cpu_memory_MB": 0.0,
  "training_gpu_0_memory_MB": 1266,
  "validation_accuracy": 0.8773777397485685,
  "validation_accuracy3": 0.997762127295465,
  "validation_loss": 0.3591964834627985,
  "best_validation_accuracy": 0.8773777397485685,
  "best_validation_accuracy3": 0.997762127295465,
  "best_validation_loss": 0.3591964834627985
}