{
  "best_epoch": 7,
  "peak_cpu_memory_MB": 0,
  "peak_gpu_0_memory_MB": 1266,
  "training_duration": "0:00:35.260709",
  "training_start_epoch": 0,
  "training_epochs": 7,
  "epoch": 7,
  "training_accuracy": 0.8921213716843283,
  "training_accuracy3": 0.9978279470808925,
  "training_loss": 0.31873883219326243,
  "training_cpu_memory_MB": 0.0,
  "training_gpu_0_memory_MB": 1266,
  "validation_accuracy": 0.9202264200618706,
  "validation_accuracy3": 0.9984861449351675,
  "validation_loss": 0.26247213533570785,
  "best_validation_accuracy": 0.9202264200618706,
  "best_validation_accuracy3": 0.9984861449351675,
  "best_validation_loss": 0.26247213533570785
}