{
  "best_epoch": 0,
  "peak_cpu_memory_MB": 0,
  "peak_gpu_0_memory_MB": 1185,
  "training_duration": "0:00:04.820111",
  "training_start_epoch": 0,
  "training_epochs": 0,
  "epoch": 0,
  "training_accuracy": 0.7170407424471796,
  "training_accuracy3": 0.9873626011979201,
  "training_loss": 0.8293416729243863,
  "training_cpu_memory_MB": 0.0,
  "training_gpu_0_memory_MB": 1185,
  "validation_accuracy": 0.7571249917725268,
  "validation_accuracy3": 0.9913776081089976,
  "validation_loss": 0.6240053988304459,
  "best_validation_accuracy": 0.7571249917725268,
  "best_validation_accuracy3": 0.9913776081089976,
  "best_validation_loss": 0.6240053988304459
}