{
  "best_epoch": 9,
  "peak_cpu_memory_MB": 0,
  "peak_gpu_0_memory_MB": 1266,
  "training_duration": "0:00:44.340429",
  "training_start_epoch": 0,
  "training_epochs": 9,
  "epoch": 9,
  "training_accuracy": 0.9159481340090831,
  "training_accuracy3": 0.9982228657934575,
  "training_loss": 0.26171674641991866,
  "training_cpu_memory_MB": 0.0,
  "training_gpu_0_memory_MB": 1266,
  "validation_accuracy": 0.937800302771013,
  "validation_accuracy3": 0.99868360429145,
  "validation_loss": 0.21206546700050852,
  "best_validation_accuracy": 0.937800302771013,
  "best_validation_accuracy3": 0.99868360429145,
  "best_validation_loss": 0.21206546700050852
}