{
  "best_epoch": 16,
  "peak_cpu_memory_MB": 0,
  "peak_gpu_0_memory_MB": 1266,
  "training_duration": "0:01:20.972471",
  "training_start_epoch": 0,
  "training_epochs": 17,
  "epoch": 17,
  "training_accuracy": 0.9629434608043178,
  "training_accuracy3": 0.99947344171658,
  "training_loss": 0.11858369573215101,
  "training_cpu_memory_MB": 0.0,
  "training_gpu_0_memory_MB": 1266,
  "validation_accuracy": 0.9664977292174027,
  "validation_accuracy3": 0.9995392615020076,
  "validation_loss": 0.1081542097904696,
  "best_validation_accuracy": 0.9669584677153953,
  "best_validation_accuracy3": 0.9995392615020076,
  "best_validation_loss": 0.10440442147625595
}