{
  "best_epoch": 3,
  "peak_cpu_memory_MB": 0,
  "peak_gpu_0_memory_MB": 1266,
  "training_duration": "0:00:17.278795",
  "training_start_epoch": 0,
  "training_epochs": 3,
  "epoch": 3,
  "training_accuracy": 0.8218916606331863,
  "training_accuracy3": 0.99499769630751,
  "training_loss": 0.46696003532710195,
  "training_cpu_memory_MB": 0.0,
  "training_gpu_0_memory_MB": 1265,
  "validation_accuracy": 0.862041729743961,
  "validation_accuracy3": 0.9971697492266175,
  "validation_loss": 0.394426811204738,
  "best_validation_accuracy": 0.862041729743961,
  "best_validation_accuracy3": 0.9971697492266175,
  "best_validation_loss": 0.394426811204738
}