{
  "best_epoch": 10,
  "peak_cpu_memory_MB": 0,
  "peak_gpu_0_memory_MB": 1266,
  "training_duration": "0:00:49.017921",
  "training_start_epoch": 0,
  "training_epochs": 10,
  "epoch": 10,
  "training_accuracy": 0.9263476601066281,
  "training_accuracy3": 0.99842032514974,
  "training_loss": 0.23581114461442002,
  "training_cpu_memory_MB": 0.0,
  "training_gpu_0_memory_MB": 1266,
  "validation_accuracy": 0.9447113802409004,
  "validation_accuracy3": 0.998815243862305,
  "validation_loss": 0.19158930539646568,
  "best_validation_accuracy": 0.9447113802409004,
  "best_validation_accuracy3": 0.998815243862305,
  "best_validation_loss": 0.19158930539646568
}