{
  "best_epoch": 16,
  "peak_cpu_memory_MB": 0,
  "peak_gpu_0_memory_MB": 1266,
  "training_duration": "0:01:16.371774",
  "training_start_epoch": 0,
  "training_epochs": 16,
  "epoch": 16,
  "training_accuracy": 0.9608372276706378,
  "training_accuracy3": 0.9994076219311525,
  "training_loss": 0.12867708242020937,
  "training_cpu_memory_MB": 0.0,
  "training_gpu_0_memory_MB": 1266,
  "validation_accuracy": 0.9669584677153953,
  "validation_accuracy3": 0.9995392615020076,
  "validation_loss": 0.10440442147625595,
  "best_validation_accuracy": 0.9669584677153953,
  "best_validation_accuracy3": 0.9995392615020076,
  "best_validation_loss": 0.10440442147625595
}