{
  "best_epoch": 5,
  "peak_cpu_memory_MB": 0,
  "peak_gpu_0_memory_MB": 1266,
  "training_duration": "0:00:25.977533",
  "training_start_epoch": 0,
  "training_epochs": 5,
  "epoch": 5,
  "training_accuracy": 0.8605278746791285,
  "training_accuracy3": 0.99684065029948,
  "training_loss": 0.38775525652185205,
  "training_cpu_memory_MB": 0.0,
  "training_gpu_0_memory_MB": 1266,
  "validation_accuracy": 0.8888303824129533,
  "validation_accuracy3": 0.99815704600803,
  "validation_loss": 0.3268762600115117,
  "best_validation_accuracy": 0.8888303824129533,
  "best_validation_accuracy3": 0.99815704600803,
  "best_validation_loss": 0.3268762600115117
}