{
  "best_epoch": 1,
  "peak_cpu_memory_MB": 0,
  "peak_gpu_0_memory_MB": 1265,
  "training_duration": "0:00:09.119613",
  "training_start_epoch": 0,
  "training_epochs": 1,
  "epoch": 1,
  "training_accuracy": 0.7626538537484367,
  "training_accuracy3": 0.9922990851049825,
  "training_loss": 0.6063074899070403,
  "training_cpu_memory_MB": 0.0,
  "training_gpu_0_memory_MB": 1265,
  "validation_accuracy": 0.8079378661225565,
  "validation_accuracy3": 0.9936154808135326,
  "validation_loss": 0.5112891138351264,
  "best_validation_accuracy": 0.8079378661225565,
  "best_validation_accuracy3": 0.9936154808135326,
  "best_validation_loss": 0.5112891138351264
}