{
  "best_epoch": 8,
  "peak_cpu_memory_MB": 0,
  "peak_gpu_0_memory_MB": 1266,
  "training_duration": "0:00:39.845449",
  "training_start_epoch": 0,
  "training_epochs": 8,
  "epoch": 8,
  "training_accuracy": 0.9047587704864082,
  "training_accuracy3": 0.9980912262226025,
  "training_loss": 0.289221298356517,
  "training_cpu_memory_MB": 0.0,
  "training_gpu_0_memory_MB": 1266,
  "validation_accuracy": 0.9272033173171855,
  "validation_accuracy3": 0.9986177845060226,
  "validation_loss": 0.23644929045826948,
  "best_validation_accuracy": 0.9272033173171855,
  "best_validation_accuracy3": 0.9986177845060226,
  "best_validation_loss": 0.23644929045826948
}