{
  "best_epoch": 11,
  "peak_cpu_memory_MB": 0,
  "peak_gpu_0_memory_MB": 1266,
  "training_duration": "0:00:53.527861",
  "training_start_epoch": 0,
  "training_epochs": 11,
  "epoch": 11,
  "training_accuracy": 0.9374712038438755,
  "training_accuracy3": 0.9986177845060226,
  "training_loss": 0.20772800674395903,
  "training_cpu_memory_MB": 0.0,
  "training_gpu_0_memory_MB": 1266,
  "validation_accuracy": 0.9520831962087803,
  "validation_accuracy3": 0.9988810636477325,
  "validation_loss": 0.16638727056472993,
  "best_validation_accuracy": 0.9520831962087803,
  "best_validation_accuracy3": 0.9988810636477325,
  "best_validation_loss": 0.16638727056472993
}