{
  "best_epoch": 12,
  "peak_cpu_memory_MB": 0,
  "peak_gpu_0_memory_MB": 1266,
  "training_duration": "0:00:58.017854",
  "training_start_epoch": 0,
  "training_epochs": 12,
  "epoch": 12,
  "training_accuracy": 0.9434608043177779,
  "training_accuracy3": 0.9986177845060226,
  "training_loss": 0.18690408500960143,
  "training_cpu_memory_MB": 0.0,
  "training_gpu_0_memory_MB": 1266,
  "validation_accuracy": 0.9554400052655828,
  "validation_accuracy3": 0.99921016257487,
  "validation_loss": 0.15416443257146523,
  "best_validation_accuracy": 0.9554400052655828,
  "best_validation_accuracy3": 0.99921016257487,
  "best_validation_loss": 0.15416443257146523
}