{
  "best_epoch": 15,
  "peak_cpu_memory_MB": 0,
  "peak_gpu_0_memory_MB": 1266,
  "training_duration": "0:01:11.820943",
  "training_start_epoch": 0,
  "training_epochs": 15,
  "epoch": 15,
  "training_accuracy": 0.9569538603304153,
  "training_accuracy3": 0.999341802145725,
  "training_loss": 0.13892700529399038,
  "training_cpu_memory_MB": 0.0,
  "training_gpu_0_memory_MB": 1266,
  "validation_accuracy": 0.9643256762982952,
  "validation_accuracy3": 0.99947344171658,
  "validation_loss": 0.11408036825552333,
  "best_validation_accuracy": 0.9643256762982952,
  "best_validation_accuracy3": 0.99947344171658,
  "best_validation_loss": 0.11408036825552333
}