{
  "best_epoch": 14,
  "peak_cpu_memory_MB": 0,
  "peak_gpu_0_memory_MB": 1266,
  "training_duration": "0:01:07.096577",
  "training_start_epoch": 0,
  "training_epochs": 14,
  "epoch": 14,
  "training_accuracy": 0.9548476271967353,
  "training_accuracy3": 0.99894688343316,
  "training_loss": 0.15234899031342702,
  "training_cpu_memory_MB": 0.0,
  "training_gpu_0_memory_MB": 1266,
  "validation_accuracy": 0.9624827223063253,
  "validation_accuracy3": 0.9995392615020076,
  "validation_loss": 0.1251913279240184,
  "best_validation_accuracy": 0.9624827223063253,
  "best_validation_accuracy3": 0.9995392615020076,
  "best_validation_loss": 0.1251913279240184
}