{
  "best_epoch": 13,
  "peak_cpu_memory_MB": 0,
  "peak_gpu_0_memory_MB": 1266,
  "training_duration": "0:01:02.539762",
  "training_start_epoch": 0,
  "training_epochs": 13,
  "epoch": 13,
  "training_accuracy": 0.9518857368524979,
  "training_accuracy3": 0.99894688343316,
  "training_loss": 0.16768680219029805,
  "training_cpu_memory_MB": 0.0,
  "training_gpu_0_memory_MB": 1266,
  "validation_accuracy": 0.9591917330349503,
  "validation_accuracy3": 0.9990127032185875,
  "validation_loss": 0.1365138366035804,
  "best_validation_accuracy": 0.9591917330349503,
  "best_validation_accuracy3": 0.9990127032185875,
  "best_validation_loss": 0.1365138366035804
}